ym,source,national_million,published_million,release_date,nagano_pref,nagano_muni_sum,municipalities,missing,adopted,reason
2021-01,公表 CSV の写し（drive_観光客数データ.xlsx）,62.02,,,1919279,2060091,74,北相木村・泰阜村・山形村,False,照合できる公表値（ニュースリリースの全国計）がない
2021-02,公表 CSV の写し（drive_観光客数データ.xlsx）,64.21,,,2049945,2222936,73,北相木村・中川村・売木村・山形村,False,照合できる公表値（ニュースリリースの全国計）がない
2021-03,公表 CSV の写し（drive_観光客数データ.xlsx）,83.93,,,2229779,2441213,74,北相木村・中川村・泰阜村,False,照合できる公表値（ニュースリリースの全国計）がない
2021-04,公表 CSV の写し（drive_観光客数データ.xlsx）,79.82,,,1928483,2169910,74,北相木村・中川村・山形村,False,照合できる公表値（ニュースリリースの全国計）がない
2021-05,公表 CSV の写し（drive_観光客数データ.xlsx）,78.04,,,2206557,2485380,74,北相木村・中川村・山形村,False,照合できる公表値（ニュースリリースの全国計）がない
2021-06,公表 CSV の写し（drive_観光客数データ.xlsx）,69.22,,,1597033,1756185,73,北相木村・中川村・泰阜村・山形村,False,照合できる公表値（ニュースリリースの全国計）がない
2021-07,公表 CSV の写し（drive_観光客数データ.xlsx）,88.29,,,2646649,2981333,74,北相木村・山形村・朝日村,False,照合できる公表値（ニュースリリースの全国計）がない
2021-08,公表 CSV の写し（drive_観光客数データ.xlsx）,81.08,,,2752705,3122113,75,北相木村・山形村,False,照合できる公表値（ニュースリリースの全国計）がない
2021-09,公表 CSV の写し（drive_観光客数データ.xlsx）,72.66,,,2289087,2586226,75,北相木村・山形村,False,照合できる公表値（ニュースリリースの全国計）がない
2021-10,公表 CSV の写し（drive_観光客数データ.xlsx）,100.7,,,3315062,3810515,75,北相木村・山形村,False,照合できる公表値（ニュースリリースの全国計）がない
2021-11,公表 CSV の写し（drive_観光客数データ.xlsx）,111.97,,,2789962,3174053,75,北相木村・山形村,False,照合できる公表値（ニュースリリースの全国計）がない
2021-12,公表 CSV の写し（drive_観光客数データ.xlsx）,96.6,,,2179226,2358265,75,北相木村・山形村,False,照合できる公表値（ニュースリリースの全国計）がない
2022-01,公表 CSV の写し（drive_観光客数データ.xlsx）,85.53,,,2629076,2851005,73,北相木村・中川村・泰阜村・山形村,False,照合できる公表値（ニュースリリースの全国計）がない
2022-02,公表 CSV の写し（drive_観光客数データ.xlsx）,65.13,,,2057414,2239118,73,北相木村・売木村・泰阜村・山形村,False,照合できる公表値（ニュースリリースの全国計）がない
2022-03,公表 CSV の写し（drive_観光客数データ.xlsx）,96.2,,,2443633,2693104,73,北相木村・中川村・泰阜村・山形村,False,照合できる公表値（ニュースリリースの全国計）がない
2022-04,公表 CSV の写し（drive_観光客数データ.xlsx）,111.13,,,2823393,3316159,74,北相木村・中川村・山形村,False,照合できる公表値（ニュースリリースの全国計）がない
2022-05,公表 CSV の写し（drive_観光客数データ.xlsx）,141.22,,,4220454,5006572,74,北相木村・中川村・山形村,False,照合できる公表値（ニュースリリースの全国計）がない
2022-06,公表 CSV の写し（drive_観光客数データ.xlsx）,107.57,,,3173643,3728739,74,北相木村・中川村・山形村,False,照合できる公表値（ニュースリリースの全国計）がない
2022-07,公表 CSV の写し（drive_観光客数データ.xlsx）,111.21,,,3141693,3586047,74,北相木村・中川村・山形村,False,照合できる公表値（ニュースリリースの全国計）がない
2022-08,公表 CSV の写し（drive_観光客数データ.xlsx）,128.83,,,4361851,5096047,75,北相木村・売木村,False,照合できる公表値（ニュースリリースの全国計）がない
2022-09,公表 CSV の写し（drive_観光客数データ.xlsx）,110.31,,,3225552,3710313,73,北相木村・中川村・泰阜村・山形村,False,照合できる公表値（ニュースリリースの全国計）がない
2022-10,公表 CSV の写し（drive_観光客数データ.xlsx）,134.43,,,4047772,4731167,74,北相木村・中川村・山形村,False,照合できる公表値（ニュースリリースの全国計）がない
2022-11,公表 CSV の写し（drive_観光客数データ.xlsx）,127.23,,,2991798,3466313,75,北相木村・山形村,False,照合できる公表値（ニュースリリースの全国計）がない
2022-12,公表 CSV の写し（drive_観光客数データ.xlsx）,104.22,,,2179171,2381566,74,北相木村・中川村・山形村,False,照合できる公表値（ニュースリリースの全国計）がない
2023-01,公表 CSV の写し（drive_観光客数データ.xlsx）,103.36,,,2885980,3136561,74,北相木村・泰阜村・山形村,False,照合できる公表値（ニュースリリースの全国計）がない
2023-02,公表 CSV の写し（drive_観光客数データ.xlsx）,93.74,,,2564544,2800477,73,北相木村・売木村・泰阜村・山形村,False,照合できる公表値（ニュースリリースの全国計）がない
2023-03,公表 CSV の写し（drive_観光客数データ.xlsx）,120.28,,,2746295,3038853,74,北相木村・中川村・山形村,False,照合できる公表値（ニュースリリースの全国計）がない
2023-04,公表 CSV の写し（drive_観光客数データ.xlsx）,119.19,,,2672425,3074701,74,北相木村・中川村・山形村,False,照合できる公表値（ニュースリリースの全国計）がない
2023-05,公表 CSV の写し（drive_観光客数データ.xlsx）,143.08,,,3632146,4215854,75,北相木村・山形村,False,照合できる公表値（ニュースリリースの全国計）がない
2023-06,公表 CSV の写し（drive_観光客数データ.xlsx）,108.85,,,2539485,2888392,74,北相木村・中川村・喬木村,False,照合できる公表値（ニュースリリースの全国計）がない
2023-07,公表 CSV の写し（drive_観光客数データ.xlsx）,118.42,,,3425407,3939975,74,北相木村・中川村・山形村,False,照合できる公表値（ニュースリリースの全国計）がない
2023-08,公表 CSV の写し（drive_観光客数データ.xlsx）,134.72,,,4544958,5280183,75,北相木村・山形村,False,照合できる公表値（ニュースリリースの全国計）がない
2023-09,公表 CSV の写し（drive_観光客数データ.xlsx）,117.0,,,3396473,3915194,75,北相木村・山形村,False,照合できる公表値（ニュースリリースの全国計）がない
2023-10,公表 CSV の写し（drive_観光客数データ.xlsx）,125.52,,,3595968,4195364,74,北相木村・中川村・山形村,False,照合できる公表値（ニュースリリースの全国計）がない
2023-11,公表 CSV の写し（drive_観光客数データ.xlsx）,127.43,,,2840316,3279957,75,北相木村・山形村,False,照合できる公表値（ニュースリリースの全国計）がない
2023-12,公表 CSV の写し（drive_観光客数データ.xlsx）,105.17,,,2133186,2324754,74,北相木村・泰阜村・山形村,False,照合できる公表値（ニュースリリースの全国計）がない
2024-01,公表 CSV の写し（drive_観光客数データ.xlsx）,113.77,113.8,2025-11-07,2844123,3100431,74,北相木村・中川村・山形村,True,
2024-02,公表 CSV の写し（drive_観光客数データ.xlsx）,108.0,108.0,2025-11-07,2806910,3090319,71,北相木村・中川村・売木村・泰阜村・喬木村・山形村,True,
2024-03,公表 CSV の写し（drive_観光客数データ.xlsx）,127.72,127.7,2025-11-07,2637349,2913736,74,北相木村・売木村・山形村,True,
2024-04,公表 CSV の写し（drive_観光客数データ.xlsx）,132.94,132.9,2025-11-07,2879331,3328835,73,北相木村・中川村・喬木村・山形村,True,
2024-05,公表 CSV の写し（drive_観光客数データ.xlsx）,146.54,146.5,2025-11-07,3410910,3959052,75,北相木村・山形村,True,
2024-06,公表 CSV の写し（drive_観光客数データ.xlsx）,120.89,120.9,2025-11-07,2583681,2941161,74,北相木村・売木村・山形村,True,
2024-07,公表 CSV の写し（drive_観光客数データ.xlsx）,126.3,126.3,2025-11-07,3294210,3784730,73,北相木村・中川村・売木村・山形村,True,
2024-08,公表 CSV の写し（drive_観光客数データ.xlsx）,151.32,151.3,2025-11-07,4903669,5713619,74,北相木村・喬木村・山形村,True,
2024-09,公表 CSV の写し（drive_観光客数データ.xlsx）,130.19,130.2,2025-11-07,3515072,4070452,73,北相木村・中川村・売木村・山形村,True,
2024-10,公表 CSV の写し（drive_観光客数データ.xlsx）,136.31,136.3,2025-11-07,3764121,4392010,74,北相木村・中川村・山形村,True,
2024-11,公表 CSV の写し（drive_観光客数データ.xlsx）,143.58,143.6,2025-11-07,3113784,3596802,76,北相木村,True,
2024-12,公表 CSV の写し（drive_観光客数データ.xlsx）,125.14,125.1,2025-11-07,2347038,2572414,75,北相木村・山形村,True,
2025-01,公表 CSV の写し（drive_観光客数データ.xlsx）,126.53,134.1,2026-09-11,3191216,3490705,73,北相木村・中川村・泰阜村・山形村,False,全国計が公表値と合わない（取り込み 126.5 / 公表 134.1 百万人。協会の再集計の前の値と考えられる）
2025-02,公表 CSV の写し（drive_観光客数データ.xlsx）,111.82,118.8,2026-09-11,2920443,3220842,72,北相木村・中川村・売木村・泰阜村・山形村,False,全国計が公表値と合わない（取り込み 111.8 / 公表 118.8 百万人。協会の再集計の前の値と考えられる）
2025-03,公表 CSV の写し（drive_観光客数データ.xlsx）,139.94,148.1,2026-09-11,2970713,3312792,73,北相木村・中川村・売木村・山形村,False,全国計が公表値と合わない（取り込み 139.9 / 公表 148.1 百万人。協会の再集計の前の値と考えられる）
2025-04,公表 CSV の写し（drive_観光客数データ.xlsx）,142.64,150.5,2026-09-11,3021741,3545404,75,北相木村・山形村,False,全国計が公表値と合わない（取り込み 142.6 / 公表 150.5 百万人。協会の再集計の前の値と考えられる）
2025-05,公表 CSV の写し（drive_観光客数データ.xlsx）,158.27,167.0,2026-09-11,3690901,4320745,75,北相木村・山形村,False,全国計が公表値と合わない（取り込み 158.3 / 公表 167.0 百万人。協会の再集計の前の値と考えられる）
2025-06,公表 CSV の写し（drive_観光客数データ.xlsx）,127.79,135.5,2026-09-11,2887116,3317190,72,北相木村・中川村・売木村・山形村・朝日村,False,全国計が公表値と合わない（取り込み 127.8 / 公表 135.5 百万人。協会の再集計の前の値と考えられる）
2025-07,公表 CSV の写し（drive_観光客数データ.xlsx）,134.52,142.8,2026-09-11,3769284,4388632,73,北相木村・中川村・喬木村・山形村,False,全国計が公表値と合わない（取り込み 134.5 / 公表 142.8 百万人。協会の再集計の前の値と考えられる）
2025-08,公表 CSV の写し（drive_観光客数データ.xlsx）,171.22,181.0,2026-09-11,5413521,6387896,75,北相木村・山形村,False,全国計が公表値と合わない（取り込み 171.2 / 公表 181.0 百万人。協会の再集計の前の値と考えられる）
2025-09,公表 CSV の写し（drive_観光客数データ.xlsx）,139.43,147.6,2026-09-11,3681458,4307460,74,北相木村・中川村・山形村,False,全国計が公表値と合わない（取り込み 139.4 / 公表 147.6 百万人。協会の再集計の前の値と考えられる）
2025-10,公表 CSV の写し（drive_観光客数データ.xlsx）,146.07,155.0,2026-09-11,3781064,4465688,75,北相木村・山形村,False,全国計が公表値と合わない（取り込み 146.1 / 公表 155.0 百万人。協会の再集計の前の値と考えられる）
2025-11,公表 CSV の写し（drive_観光客数データ.xlsx）,163.14,172.3,2026-09-11,3430997,4016298,75,北相木村・山形村,False,全国計が公表値と合わない（取り込み 163.1 / 公表 172.3 百万人。協会の再集計の前の値と考えられる）
2025-12,公表 CSV の写し（drive_観光客数データ.xlsx）,134.68,143.6,2026-09-11,2488611,2752739,72,北相木村・売木村・泰阜村・喬木村・山形村,False,全国計が公表値と合わない（取り込み 134.7 / 公表 143.6 百万人。協会の再集計の前の値と考えられる）
2026-01,公表 CSV の写し（drive_観光客数データ.xlsx）,133.2,141.5,2026-09-11,3208673,3531533,73,北相木村・中川村・泰阜村・山形村,False,全国計が公表値と合わない（取り込み 133.2 / 公表 141.5 百万人。協会の再集計の前の値と考えられる）
2026-02,公表 CSV の写し（drive_観光客数データ.xlsx）,121.1,128.6,2026-09-11,2998915,3327782,72,北相木村・中川村・泰阜村・喬木村・山形村,False,全国計が公表値と合わない（取り込み 121.1 / 公表 128.6 百万人。協会の再集計の前の値と考えられる）
2026-03,公表 CSV の写し（drive_観光客数データ.xlsx）,158.01,158.0,2026-09-11,3191425,3608963,73,北相木村・中川村・売木村・山形村,True,
2026-04,公表 CSV の写し（drive_観光客数データ.xlsx）,152.7,152.7,2026-09-11,3017678,3566714,75,北相木村・山形村,True,
2026-05,公表 CSV の写し（drive_観光客数データ.xlsx）,189.92,189.9,2026-09-11,4278043,5126515,75,北相木村・山形村,True,
2026-06,公表 CSV の写し（drive_観光客数データ.xlsx）,134.86,134.9,2026-09-11,2769707,3239675,74,北相木村・中川村・山形村,True,
2026-07,公表 CSV の写し（drive_観光客数データ.xlsx）,153.51,153.5,2026-09-11,3920763,4650555,74,北相木村・中川村・山形村,True,
2026-08,公表 CSV の写し（drive_観光客数データ.xlsx）,188.47,188.5,2026-09-11,5581110,6743723,74,北相木村・中川村・山形村,True,
