year,months,monthly_sum,sheet_total,annual_pdf,status,adopted,reason
2003,12,5211725.0,5211725,5211725.0,確定,True,
2004,12,6137905.0,6137905,6137905.0,確定,True,
2005,12,6727926.0,6727926,6727926.0,確定,True,
2006,12,7334077.0,7334077,7334077.0,確定,True,
2007,12,8346969.0,8346969,8346969.0,確定,True,
2008,12,8350835.0,8350835,8350835.0,確定,True,
2009,12,6789658.0,6789658,6789658.0,確定,True,
2010,12,8611175.0,8611175,8611175.0,確定,True,
2011,12,6218752.0,6218752,6218752.0,確定,True,
2012,12,8358105.0,8358105,8358105.0,確定,True,
2013,12,10363904.0,10363904,10363904.0,確定,True,
2014,12,13413467.0,13413467,13413467.0,確定,True,
2015,12,19737409.0,19737409,19737409.0,確定,True,
2016,12,24039700.0,24039700,24039700.0,確定,True,
2017,12,28691073.0,28691073,28691073.0,確定,True,
2018,12,31191856.0,31191856,31191856.0,確定,True,
2019,12,31882049.0,31882049,31882049.0,確定,True,
2020,12,4115828.0,4115828,4115828.0,確定,True,
2021,12,245862.0,245862,245862.0,確定,True,
2022,12,3832110.0,3832110,3832110.0,確定,True,
2023,12,25066350.0,25066350,25066350.0,確定,True,
2024,12,36870148.0,36870148,36870148.0,確定,True,
2025,12,42683301.0,42683301,42683301.0,確定,True,
2026,8,27626262.0,27626300,,暫定・推計,True,
