station,year,item,monthly,official,adopted,reason
長野,2009,気温（年平均）,12.37,12.4,True,
長野,2010,気温（年平均）,12.56,12.6,True,
長野,2010,降雪量（寒候年の合計）,169.0,169.0,True,
長野,2010,最深積雪（寒候年）,28.0,28.0,True,
長野,2011,気温（年平均）,12.02,12.0,True,
長野,2011,降雪量（寒候年の合計）,163.0,163.0,True,
長野,2011,最深積雪（寒候年）,35.0,35.0,True,
長野,2012,気温（年平均）,12.07,12.1,True,
長野,2012,降雪量（寒候年の合計）,155.0,155.0,True,
長野,2012,最深積雪（寒候年）,16.0,16.0,True,
長野,2013,気温（年平均）,12.32,12.3,True,
長野,2013,降雪量（寒候年の合計）,205.0,205.0,True,
長野,2013,最深積雪（寒候年）,32.0,32.0,True,
長野,2014,気温（年平均）,11.9,11.9,True,
長野,2014,降雪量（寒候年の合計）,178.0,178.0,True,
長野,2014,最深積雪（寒候年）,70.0,70.0,True,
長野,2015,気温（年平均）,12.83,12.8,True,
長野,2015,降雪量（寒候年の合計）,229.0,229.0,True,
長野,2015,最深積雪（寒候年）,40.0,40.0,True,
長野,2016,気温（年平均）,13.1,13.1,True,
長野,2016,降雪量（寒候年の合計）,88.0,88.0,True,
長野,2016,最深積雪（寒候年）,26.0,26.0,True,
長野,2017,気温（年平均）,11.86,11.9,True,
長野,2017,降雪量（寒候年の合計）,181.0,181.0,True,
長野,2017,最深積雪（寒候年）,49.0,49.0,True,
長野,2018,気温（年平均）,13.04,13.0,True,
長野,2018,降雪量（寒候年の合計）,109.0,109.0,True,
長野,2018,最深積雪（寒候年）,23.0,23.0,True,
長野,2019,気温（年平均）,12.86,12.9,True,
長野,2019,降雪量（寒候年の合計）,97.0,97.0,True,
長野,2019,最深積雪（寒候年）,17.0,17.0,True,
長野,2020,気温（年平均）,13.06,13.1,True,
長野,2020,降雪量（寒候年の合計）,80.0,80.0,True,
長野,2020,最深積雪（寒候年）,14.0,14.0,True,
長野,2021,気温（年平均）,12.93,12.9,True,
長野,2021,降雪量（寒候年の合計）,107.0,107.0,True,
長野,2021,最深積雪（寒候年）,17.0,17.0,True,
長野,2022,気温（年平均）,12.73,12.7,True,
長野,2022,降雪量（寒候年の合計）,201.0,201.0,True,
長野,2022,最深積雪（寒候年）,28.0,28.0,True,
長野,2023,気温（年平均）,13.63,13.6,True,
長野,2023,降雪量（寒候年の合計）,83.0,83.0,True,
長野,2023,最深積雪（寒候年）,18.0,18.0,True,
長野,2024,気温（年平均）,13.82,13.8,True,
長野,2024,降雪量（寒候年の合計）,120.0,120.0,True,
長野,2024,最深積雪（寒候年）,31.0,31.0,True,
長野,2025,気温（年平均）,13.5,13.5,True,
長野,2025,降雪量（寒候年の合計）,118.0,118.0,True,
長野,2025,最深積雪（寒候年）,27.0,27.0,True,
長野,2026,降雪量（寒候年の合計）,58.0,58.0,True,
長野,2026,最深積雪（寒候年）,14.0,14.0,True,
松本,2009,気温（年平均）,12.19,12.2,True,
松本,2010,気温（年平均）,12.62,12.6,True,
松本,2010,降雪量（寒候年の合計）,40.0,40.0,True,
松本,2010,最深積雪（寒候年）,22.0,22.0,True,
松本,2011,気温（年平均）,12.0,12.0,True,
松本,2011,降雪量（寒候年の合計）,40.0,40.0,True,
松本,2011,最深積雪（寒候年）,20.0,20.0,True,
松本,2012,気温（年平均）,11.99,12.0,True,
松本,2012,降雪量（寒候年の合計）,74.0,74.0,True,
松本,2012,最深積雪（寒候年）,22.0,22.0,True,
松本,2013,気温（年平均）,12.4,12.4,True,
松本,2013,降雪量（寒候年の合計）,98.0,98.0,True,
松本,2013,最深積雪（寒候年）,22.0,22.0,True,
松本,2014,気温（年平均）,11.87,11.9,True,
松本,2014,降雪量（寒候年の合計）,145.0,145.0,True,
松本,2014,最深積雪（寒候年）,75.0,75.0,True,
松本,2015,気温（年平均）,12.73,12.7,True,
松本,2015,降雪量（寒候年の合計）,70.0,70.0,True,
松本,2015,最深積雪（寒候年）,22.0,22.0,True,
松本,2016,気温（年平均）,13.05,13.1,True,
松本,2016,降雪量（寒候年の合計）,55.0,55.0,True,
松本,2016,最深積雪（寒候年）,33.0,33.0,True,
松本,2017,気温（年平均）,11.97,12.0,True,
松本,2017,降雪量（寒候年の合計）,45.0,45.0,True,
松本,2017,最深積雪（寒候年）,22.0,22.0,True,
松本,2018,気温（年平均）,13.17,13.2,True,
松本,2018,降雪量（寒候年の合計）,59.0,59.0,True,
松本,2018,最深積雪（寒候年）,22.0,22.0,True,
松本,2019,気温（年平均）,12.82,12.8,True,
松本,2019,降雪量（寒候年の合計）,10.0,10.0,True,
松本,2019,最深積雪（寒候年）,4.0,4.0,True,
松本,2020,気温（年平均）,13.07,13.1,True,
松本,2020,降雪量（寒候年の合計）,27.0,27.0,True,
松本,2020,最深積雪（寒候年）,15.0,15.0,True,
松本,2021,気温（年平均）,12.98,13.0,True,
松本,2021,降雪量（寒候年の合計）,10.0,10.0,True,
松本,2021,最深積雪（寒候年）,5.0,5.0,True,
松本,2022,気温（年平均）,12.74,12.7,True,
松本,2022,降雪量（寒候年の合計）,53.0,53.0,True,
松本,2022,最深積雪（寒候年）,16.0,16.0,True,
松本,2023,気温（年平均）,13.66,13.7,True,
松本,2023,降雪量（寒候年の合計）,37.0,37.0,True,
松本,2023,最深積雪（寒候年）,28.0,28.0,True,
松本,2024,気温（年平均）,13.83,13.8,True,
松本,2024,降雪量（寒候年の合計）,72.0,72.0,True,
松本,2024,最深積雪（寒候年）,25.0,25.0,True,
松本,2025,気温（年平均）,13.62,13.6,True,
松本,2025,降雪量（寒候年の合計）,24.0,24.0,True,
松本,2025,最深積雪（寒候年）,7.0,7.0,True,
松本,2026,降雪量（寒候年の合計）,18.0,18.0,True,
松本,2026,最深積雪（寒候年）,7.0,7.0,True,
軽井沢,2009,気温（年平均）,8.67,8.7,True,
軽井沢,2010,気温（年平均）,9.09,9.1,True,
軽井沢,2010,降雪量（寒候年の合計）,191.0,,False,年ごとの値が資料不足
軽井沢,2010,最深積雪（寒候年）,30.0,,False,年ごとの値が資料不足
軽井沢,2011,気温（年平均）,8.49,8.5,True,
軽井沢,2011,降雪量（寒候年の合計）,131.0,131.0,True,
軽井沢,2011,最深積雪（寒候年）,31.0,31.0,True,
軽井沢,2012,気温（年平均）,8.14,8.1,True,
軽井沢,2012,降雪量（寒候年の合計）,135.0,135.0,True,
軽井沢,2012,最深積雪（寒候年）,26.0,26.0,True,
軽井沢,2013,気温（年平均）,8.78,8.8,True,
軽井沢,2013,降雪量（寒候年の合計）,143.0,143.0,True,
軽井沢,2013,最深積雪（寒候年）,27.0,27.0,True,
軽井沢,2014,気温（年平均）,8.25,8.3,True,
軽井沢,2014,降雪量（寒候年の合計）,175.0,175.0,True,
軽井沢,2014,最深積雪（寒候年）,99.0,99.0,True,
軽井沢,2015,気温（年平均）,8.99,9.0,True,
軽井沢,2015,降雪量（寒候年の合計）,166.0,166.0,True,
軽井沢,2015,最深積雪（寒候年）,34.0,34.0,True,
軽井沢,2016,気温（年平均）,9.05,9.1,True,
軽井沢,2016,降雪量（寒候年の合計）,126.0,126.0,True,
軽井沢,2016,最深積雪（寒候年）,51.0,51.0,True,
軽井沢,2017,気温（年平均）,8.28,8.3,True,
軽井沢,2017,降雪量（寒候年の合計）,181.0,181.0,True,
軽井沢,2017,最深積雪（寒候年）,37.0,37.0,True,
軽井沢,2018,気温（年平均）,9.28,9.3,True,
軽井沢,2018,降雪量（寒候年の合計）,47.0,47.0,True,
軽井沢,2018,最深積雪（寒候年）,16.0,16.0,True,
軽井沢,2019,気温（年平均）,8.95,9.0,True,
軽井沢,2019,降雪量（寒候年の合計）,58.0,58.0,True,
軽井沢,2019,最深積雪（寒候年）,16.0,16.0,True,
軽井沢,2020,気温（年平均）,9.2,9.2,True,
軽井沢,2020,降雪量（寒候年の合計）,111.0,111.0,True,
軽井沢,2020,最深積雪（寒候年）,28.0,28.0,True,
軽井沢,2021,気温（年平均）,9.07,9.1,True,
軽井沢,2021,降雪量（寒候年の合計）,35.0,35.0,True,
軽井沢,2021,最深積雪（寒候年）,19.0,19.0,True,
軽井沢,2022,気温（年平均）,8.78,8.8,True,
軽井沢,2022,降雪量（寒候年の合計）,126.0,126.0,True,
軽井沢,2022,最深積雪（寒候年）,32.0,32.0,True,
軽井沢,2023,気温（年平均）,9.96,10.0,True,
軽井沢,2023,降雪量（寒候年の合計）,71.0,71.0,True,
軽井沢,2023,最深積雪（寒候年）,19.0,19.0,True,
軽井沢,2024,気温（年平均）,10.12,10.1,True,
軽井沢,2024,降雪量（寒候年の合計）,151.0,151.0,True,
軽井沢,2024,最深積雪（寒候年）,29.0,29.0,True,
軽井沢,2025,気温（年平均）,9.72,9.7,True,
軽井沢,2025,降雪量（寒候年の合計）,103.0,103.0,True,
軽井沢,2025,最深積雪（寒候年）,26.0,26.0,True,
軽井沢,2026,降雪量（寒候年の合計）,30.0,30.0,True,
軽井沢,2026,最深積雪（寒候年）,8.0,8.0,True,
白馬,2009,気温（年平均）,9.68,9.7,True,
白馬,2010,気温（年平均）,9.91,9.9,True,
白馬,2010,降雪量（寒候年の合計）,795.0,795.0,True,
白馬,2010,最深積雪（寒候年）,103.0,103.0,True,
白馬,2011,気温（年平均）,9.31,9.3,True,
白馬,2011,降雪量（寒候年の合計）,675.0,675.0,True,
白馬,2011,最深積雪（寒候年）,97.0,97.0,True,
白馬,2012,気温（年平均）,9.24,9.2,True,
白馬,2012,降雪量（寒候年の合計）,760.0,760.0,True,
白馬,2012,最深積雪（寒候年）,77.0,77.0,True,
白馬,2013,気温（年平均）,9.54,9.5,True,
白馬,2013,降雪量（寒候年の合計）,769.0,769.0,True,
白馬,2013,最深積雪（寒候年）,114.0,114.0,True,
白馬,2014,気温（年平均）,9.16,9.2,True,
白馬,2014,降雪量（寒候年の合計）,677.0,677.0,True,
白馬,2014,最深積雪（寒候年）,89.0,89.0,True,
白馬,2015,気温（年平均）,9.98,10.0,True,
白馬,2015,降雪量（寒候年の合計）,766.0,766.0,True,
白馬,2015,最深積雪（寒候年）,130.0,130.0,True,
白馬,2016,気温（年平均）,10.42,10.4,True,
白馬,2016,降雪量（寒候年の合計）,187.0,,False,年ごとの値が資料不足
白馬,2016,最深積雪（寒候年）,42.0,,False,年ごとの値が資料不足
白馬,2017,気温（年平均）,9.0,9.0,True,
白馬,2017,降雪量（寒候年の合計）,484.0,484.0,True,
白馬,2017,最深積雪（寒候年）,90.0,90.0,True,
白馬,2018,気温（年平均）,10.21,10.2,True,
白馬,2018,降雪量（寒候年の合計）,318.0,,False,年ごとの値が資料不足
白馬,2018,最深積雪（寒候年）,60.0,,False,年ごとの値が資料不足
白馬,2019,気温（年平均）,9.97,10.0,True,
白馬,2019,降雪量（寒候年の合計）,473.0,473.0,True,
白馬,2019,最深積雪（寒候年）,71.0,71.0,True,
白馬,2020,気温（年平均）,10.27,10.3,True,
白馬,2020,降雪量（寒候年の合計）,226.0,226.0,True,
白馬,2020,最深積雪（寒候年）,28.0,28.0,True,
白馬,2021,気温（年平均）,10.02,10.0,True,
白馬,2021,降雪量（寒候年の合計）,545.0,545.0,True,
白馬,2021,最深積雪（寒候年）,74.0,74.0,True,
白馬,2022,気温（年平均）,9.78,9.8,True,
白馬,2022,降雪量（寒候年の合計）,634.0,634.0,True,
白馬,2022,最深積雪（寒候年）,102.0,102.0,True,
白馬,2023,気温（年平均）,10.59,10.6,True,
白馬,2023,降雪量（寒候年の合計）,476.0,476.0,True,
白馬,2023,最深積雪（寒候年）,55.0,55.0,True,
白馬,2024,気温（年平均）,10.82,10.8,True,
白馬,2024,降雪量（寒候年の合計）,470.0,470.0,True,
白馬,2024,最深積雪（寒候年）,42.0,42.0,True,
白馬,2025,気温（年平均）,10.49,10.5,True,
白馬,2025,降雪量（寒候年の合計）,675.0,675.0,True,
白馬,2025,最深積雪（寒候年）,121.0,121.0,True,
野沢温泉,2009,気温（年平均）,10.02,10.0,True,
野沢温泉,2010,気温（年平均）,10.17,10.2,True,
野沢温泉,2010,降雪量（寒候年の合計）,1213.0,1213.0,True,
野沢温泉,2010,最深積雪（寒候年）,235.0,235.0,True,
野沢温泉,2011,気温（年平均）,9.49,9.5,True,
野沢温泉,2011,降雪量（寒候年の合計）,1134.0,1134.0,True,
野沢温泉,2011,最深積雪（寒候年）,198.0,198.0,True,
野沢温泉,2012,気温（年平均）,9.42,9.4,True,
野沢温泉,2012,降雪量（寒候年の合計）,1489.0,1489.0,True,
野沢温泉,2012,最深積雪（寒候年）,287.0,287.0,True,
野沢温泉,2013,気温（年平均）,9.76,9.8,True,
野沢温泉,2013,降雪量（寒候年の合計）,1170.0,1170.0,True,
野沢温泉,2013,最深積雪（寒候年）,210.0,210.0,True,
野沢温泉,2014,気温（年平均）,9.39,9.4,True,
野沢温泉,2014,降雪量（寒候年の合計）,1041.0,1041.0,True,
野沢温泉,2014,最深積雪（寒候年）,188.0,188.0,True,
野沢温泉,2015,気温（年平均）,10.19,10.2,True,
野沢温泉,2015,降雪量（寒候年の合計）,1226.0,1226.0,True,
野沢温泉,2015,最深積雪（寒候年）,262.0,262.0,True,
野沢温泉,2016,気温（年平均）,10.48,10.5,True,
野沢温泉,2016,降雪量（寒候年の合計）,553.0,553.0,True,
野沢温泉,2016,最深積雪（寒候年）,90.0,90.0,True,
野沢温泉,2017,気温（年平均）,9.3,9.3,True,
野沢温泉,2017,降雪量（寒候年の合計）,937.0,937.0,True,
野沢温泉,2017,最深積雪（寒候年）,185.0,185.0,True,
野沢温泉,2018,気温（年平均）,10.4,10.4,True,
野沢温泉,2018,降雪量（寒候年の合計）,900.0,900.0,True,
野沢温泉,2018,最深積雪（寒候年）,193.0,193.0,True,
野沢温泉,2019,気温（年平均）,10.3,10.3,True,
野沢温泉,2019,降雪量（寒候年の合計）,1115.0,1115.0,True,
野沢温泉,2019,最深積雪（寒候年）,174.0,174.0,True,
野沢温泉,2020,気温（年平均）,10.53,10.5,True,
野沢温泉,2020,降雪量（寒候年の合計）,678.0,678.0,True,
野沢温泉,2020,最深積雪（寒候年）,119.0,119.0,True,
野沢温泉,2021,気温（年平均）,10.23,10.2,True,
野沢温泉,2021,降雪量（寒候年の合計）,932.0,932.0,True,
野沢温泉,2021,最深積雪（寒候年）,170.0,170.0,True,
野沢温泉,2022,気温（年平均）,10.03,10.0,True,
野沢温泉,2022,降雪量（寒候年の合計）,1244.0,1244.0,True,
野沢温泉,2022,最深積雪（寒候年）,298.0,298.0,True,
野沢温泉,2023,気温（年平均）,10.9,10.9,True,
野沢温泉,2023,降雪量（寒候年の合計）,779.0,779.0,True,
野沢温泉,2023,最深積雪（寒候年）,149.0,149.0,True,
野沢温泉,2024,気温（年平均）,11.29,11.3,True,
野沢温泉,2024,降雪量（寒候年の合計）,728.0,728.0,True,
野沢温泉,2024,最深積雪（寒候年）,91.0,91.0,True,
野沢温泉,2025,気温（年平均）,10.96,11.0,True,
野沢温泉,2025,降雪量（寒候年の合計）,983.0,983.0,True,
野沢温泉,2025,最深積雪（寒候年）,238.0,,False,年ごとの値が資料不足
菅平,2009,気温（年平均）,6.57,6.6,True,
菅平,2010,降雪量（寒候年の合計）,828.0,828.0,True,
菅平,2010,最深積雪（寒候年）,98.0,98.0,True,
菅平,2011,気温（年平均）,6.11,6.1,True,
菅平,2011,降雪量（寒候年の合計）,738.0,738.0,True,
菅平,2011,最深積雪（寒候年）,102.0,102.0,True,
菅平,2012,気温（年平均）,5.95,6.0,True,
菅平,2012,降雪量（寒候年の合計）,765.0,765.0,True,
菅平,2012,最深積雪（寒候年）,101.0,101.0,True,
菅平,2013,気温（年平均）,6.57,6.6,True,
菅平,2013,降雪量（寒候年の合計）,621.0,,False,年ごとの値が資料不足
菅平,2013,最深積雪（寒候年）,105.0,,False,年ごとの値が資料不足
菅平,2014,気温（年平均）,6.21,6.2,True,
菅平,2014,降雪量（寒候年の合計）,585.0,585.0,True,
菅平,2014,最深積雪（寒候年）,152.0,152.0,True,
菅平,2015,降雪量（寒候年の合計）,519.0,519.0,True,
菅平,2015,最深積雪（寒候年）,126.0,126.0,True,
菅平,2016,気温（年平均）,7.11,7.1,True,
菅平,2016,降雪量（寒候年の合計）,294.0,294.0,True,
菅平,2016,最深積雪（寒候年）,85.0,85.0,True,
菅平,2017,気温（年平均）,5.88,5.9,True,
菅平,2017,降雪量（寒候年の合計）,542.0,542.0,True,
菅平,2017,最深積雪（寒候年）,122.0,122.0,True,
菅平,2018,気温（年平均）,7.11,7.1,True,
菅平,2018,降雪量（寒候年の合計）,448.0,448.0,True,
菅平,2018,最深積雪（寒候年）,75.0,75.0,True,
菅平,2019,気温（年平均）,6.88,6.9,True,
菅平,2019,降雪量（寒候年の合計）,688.0,688.0,True,
菅平,2019,最深積雪（寒候年）,100.0,100.0,True,
菅平,2020,気温（年平均）,7.24,7.2,True,
菅平,2020,降雪量（寒候年の合計）,565.0,565.0,True,
菅平,2020,最深積雪（寒候年）,52.0,52.0,True,
菅平,2021,気温（年平均）,6.92,6.9,True,
菅平,2021,降雪量（寒候年の合計）,477.0,477.0,True,
菅平,2021,最深積雪（寒候年）,78.0,78.0,True,
菅平,2022,気温（年平均）,6.71,6.7,True,
菅平,2022,降雪量（寒候年の合計）,601.0,601.0,True,
菅平,2022,最深積雪（寒候年）,127.0,127.0,True,
菅平,2023,気温（年平均）,7.72,7.7,True,
菅平,2023,降雪量（寒候年の合計）,471.0,471.0,True,
菅平,2023,最深積雪（寒候年）,82.0,82.0,True,
菅平,2024,気温（年平均）,8.0,8.0,True,
菅平,2024,降雪量（寒候年の合計）,514.0,514.0,True,
菅平,2024,最深積雪（寒候年）,101.0,101.0,True,
菅平,2025,気温（年平均）,7.81,7.8,True,
菅平,2025,降雪量（寒候年の合計）,350.0,350.0,True,
菅平,2025,最深積雪（寒候年）,85.0,85.0,True,
