id,name,provider,granularity,use,status,url
boundaries,"行政区域データ（N03, 2020年1月1日時点）",国土交通省 国土数値情報,市町村ポリゴン,地図,取得済み,https://nlftp.mlit.go.jp/ksj/
holidays,国民の祝日,内閣府,日次,連休カレンダー・予測の説明変数,取得済み,https://www8.cao.go.jp/chosei/shukujitsu/gaiyou.html
events,主要イベント・制度（御開帳・御柱祭・新幹線・旅行支援など）,手作業で整理（config/events.csv）,期間,予測の説明変数・注釈,取得済み（要確認あり）,
shukuhaku,宿泊旅行統計調査,観光庁（推移表Excel）,都道府県×月（国籍別・県内外別あり）、県内5エリア×月,延べ宿泊者数・客室稼働率・外国人比率,取得済み（月次 2011年1月〜2026年7月、県内外別 2010年〜、国籍別 2009年〜、県内5エリア 2021年〜。2026年は速報値）,https://www.mlit.go.jp/kankocho/tokei_hakusyo/shukuhakutokei.html
shohi,旅行・観光消費動向調査,観光庁,全国×四半期,日本人の旅行単価・消費額,未取得,https://www.mlit.go.jp/kankocho/tokei_hakusyo/shohidoko.html
inbound_shohi,インバウンド消費動向調査,観光庁,都道府県×四半期/年,訪日客の消費単価,未取得,https://www.mlit.go.jp/kankocho/tokei_hakusyo/gaikokujinshohidoko.html
hakusho,観光白書,観光庁,年次,全国の動向・解説,未取得,https://www.mlit.go.jp/kankocho/tokei_hakusyo/kankohakusyo.html
riyousha,観光地利用者統計調査,長野県（統計ステーションながの Excel・観光課 PDF）,観光地×月（2011年〜）、観光地×年（2010年〜）,エリア別の利用者数・観光消費額,取得済み（観光地別の明細 2011〜2025年（2016年〜は Excel）、年次推移 2010〜2025年）,https://tokei.pref.nagano.lg.jp/statist_list/8998.html
irikomi,観光入込客統計（共通基準）,長野県,県×四半期・年,日帰り/宿泊・県内/県外の入込客数と消費額単価,取得済み（2010〜2025年。2010〜15年のビジネス目的、2017・18年の入込客数は参考値）,https://tokei.pref.nagano.lg.jp/statist_list/8999.html
jnto,訪日外客統計,JNTO（国籍/月別 Excel）,国籍×月,訪日客の先行指標（俯瞰ページ）・稼働率予測の手がかり,取得済み（2003年1月〜2026年8月。2026年は暫定値、7・8月は推計値。各年の合計を年別推移PDFと照合）,https://www.jnto.go.jp/statistics/data/visitors-statistics/
digital,デジタル観光統計オープンデータ,日本観光振興協会,都道府県・市区町村×月（2021年1月〜）,市町村ごとの観光来訪者数（人流データ）,取得済み（2024年と2026年3〜8月を使用。2021〜23年は照合できる公表値がなく、2025年1月〜26年2月は協会の再集計前の値のため使わない）,https://www.nihon-kankou.or.jp/home/jigyou/research/d-toukei/
weather,過去の気象データ,気象庁,地点×月（10地点：長野・松本・軽井沢・白馬・野沢温泉・菅平・諏訪・飯田・伊那・木曽福島）,"気温・降雪量・最深積雪（スキー需要, 稼働率予測の手がかり）",取得済み（2009年1月〜2026年9月。年ごとの値と照合し、資料不足の冬9件は除外）,https://www.data.jma.go.jp/stats/etrn/
macro,消費者物価指数・景気ウォッチャー調査・消費者態度指数,総務省・内閣府（e-Stat API）,全国（景気ウォッチャーは甲信越も）×月,物価の上がり方・景気の先行き（予測の手がかり候補、1人あたり消費額の実質化）,取得済み（2005年1月〜2026年8月。物価は前年同月比を公表値と照合、景気ウォッチャーは2つの表の全国を照合）,https://www.e-stat.go.jp/
population,国勢調査 市町村別人口,総務省（e-Stat 社会・人口統計体系）,市町村×5年,市町村ページの「住民1人あたりの観光地利用者数」,取得済み（2010・2015・2020年。77市町村の合計を県の総人口と照合し一致）,https://www.e-stat.go.jp/
kokusei_area,国勢調査 小地域（町丁・字）境界,総務省（e-Stat）,町丁・字ポリゴン,市町村内エリア（例: 長野市の松代・戸隠）,未取得,https://www.e-stat.go.jp/gis/statmap-search?type=2
