start,end,name,scope,kind,note
2009-04-05,2009-05-31,善光寺御開帳,長野市,event,7年に一度（数え）
2015-04-05,2015-05-31,善光寺御開帳,長野市,event,
2022-04-03,2022-06-29,善光寺御開帳,長野市,event,コロナで1年延期・期間延長
2010-04-02,2010-05-16,諏訪大社御柱祭（上社・下社 山出し〜里曳き）,諏訪,event,開催年フラグとして使用。日程は要確認
2016-04-02,2016-05-16,諏訪大社御柱祭（上社・下社 山出し〜里曳き）,諏訪,event,開催年フラグとして使用。日程は要確認
2022-04-02,2022-05-16,諏訪大社御柱祭（上社・下社 山出し〜里曳き）,諏訪,event,開催年フラグとして使用。日程は要確認
2015-03-14,,北陸新幹線 長野〜金沢 延伸開業,県全体,structural,
2024-03-16,,北陸新幹線 金沢〜敦賀 延伸開業,県全体,structural,
2020-04-16,2020-05-14,緊急事態宣言（長野県が対象）,県全体,covid,
2020-07-22,2020-12-28,Go To トラベル,全国,policy,
2022-10-11,2023-12-31,全国旅行支援,全国,policy,終了時期は都道府県ごとに異なる
2020-03-01,2022-10-10,入国制限（インバウンドほぼ停止）,全国,covid,2022-10-11 に水際対策を大幅緩和
