code,name,kouiki,chiiki
20201,長野市,長野,北信
20202,松本市,松本,中信
20203,上田市,上田,東信
20204,岡谷市,諏訪,南信
20205,飯田市,南信州,南信
20206,諏訪市,諏訪,南信
20207,須坂市,長野,北信
20208,小諸市,佐久,東信
20209,伊那市,上伊那,南信
20210,駒ヶ根市,上伊那,南信
20211,中野市,北信,北信
20212,大町市,北アルプス,中信
20213,飯山市,北信,北信
20214,茅野市,諏訪,南信
20215,塩尻市,松本,中信
20217,佐久市,佐久,東信
20218,千曲市,長野,北信
20219,東御市,上田,東信
20220,安曇野市,松本,中信
20303,小海町,佐久,東信
20304,川上村,佐久,東信
20305,南牧村,佐久,東信
20306,南相木村,佐久,東信
20307,北相木村,佐久,東信
20309,佐久穂町,佐久,東信
20321,軽井沢町,佐久,東信
20323,御代田町,佐久,東信
20324,立科町,佐久,東信
20349,青木村,上田,東信
20350,長和町,上田,東信
20361,下諏訪町,諏訪,南信
20362,富士見町,諏訪,南信
20363,原村,諏訪,南信
20382,辰野町,上伊那,南信
20383,箕輪町,上伊那,南信
20384,飯島町,上伊那,南信
20385,南箕輪村,上伊那,南信
20386,中川村,上伊那,南信
20388,宮田村,上伊那,南信
20402,松川町,南信州,南信
20403,高森町,南信州,南信
20404,阿南町,南信州,南信
20407,阿智村,南信州,南信
20409,平谷村,南信州,南信
20410,根羽村,南信州,南信
20411,下條村,南信州,南信
20412,売木村,南信州,南信
20413,天龍村,南信州,南信
20414,泰阜村,南信州,南信
20415,喬木村,南信州,南信
20416,豊丘村,南信州,南信
20417,大鹿村,南信州,南信
20422,上松町,木曽,中信
20423,南木曽町,木曽,中信
20425,木祖村,木曽,中信
20429,王滝村,木曽,中信
20430,大桑村,木曽,中信
20432,木曽町,木曽,中信
20446,麻績村,松本,中信
20448,生坂村,松本,中信
20450,山形村,松本,中信
20451,朝日村,松本,中信
20452,筑北村,松本,中信
20481,池田町,北アルプス,中信
20482,松川村,北アルプス,中信
20485,白馬村,北アルプス,中信
20486,小谷村,北アルプス,中信
20521,坂城町,長野,北信
20541,小布施町,長野,北信
20543,高山村,長野,北信
20561,山ノ内町,北信,北信
20562,木島平村,北信,北信
20563,野沢温泉村,北信,北信
20583,信濃町,長野,北信
20588,小川村,長野,北信
20590,飯綱町,長野,北信
20602,栄村,北信,北信
