municipality_code,municipality,area_full,area
20208,小諸市,長野県東部(軽井沢・小諸・上田),長野県東部
20217,佐久市,長野県東部(軽井沢・小諸・上田),長野県東部
20303,小海町,長野県東部(軽井沢・小諸・上田),長野県東部
20304,川上村,長野県東部(軽井沢・小諸・上田),長野県東部
20305,南牧村,長野県東部(軽井沢・小諸・上田),長野県東部
20306,南相木村,長野県東部(軽井沢・小諸・上田),長野県東部
20307,北相木村,長野県東部(軽井沢・小諸・上田),長野県東部
20309,佐久穂町,長野県東部(軽井沢・小諸・上田),長野県東部
20321,軽井沢町,長野県東部(軽井沢・小諸・上田),長野県東部
20323,御代田町,長野県東部(軽井沢・小諸・上田),長野県東部
20324,立科町,長野県東部(軽井沢・小諸・上田),長野県東部
20203,上田市,長野県東部(軽井沢・小諸・上田),長野県東部
20219,東御市,長野県東部(軽井沢・小諸・上田),長野県東部
20349,青木村,長野県東部(軽井沢・小諸・上田),長野県東部
20350,長和町,長野県東部(軽井沢・小諸・上田),長野県東部
20204,岡谷市,長野県南部(諏訪・伊那・飯田),長野県南部
20206,諏訪市,長野県南部(諏訪・伊那・飯田),長野県南部
20214,茅野市,長野県南部(諏訪・伊那・飯田),長野県南部
20361,下諏訪町,長野県南部(諏訪・伊那・飯田),長野県南部
20362,富士見町,長野県南部(諏訪・伊那・飯田),長野県南部
20363,原村,長野県南部(諏訪・伊那・飯田),長野県南部
20209,伊那市,長野県南部(諏訪・伊那・飯田),長野県南部
20210,駒ヶ根市,長野県南部(諏訪・伊那・飯田),長野県南部
20382,辰野町,長野県南部(諏訪・伊那・飯田),長野県南部
20383,箕輪町,長野県南部(諏訪・伊那・飯田),長野県南部
20384,飯島町,長野県南部(諏訪・伊那・飯田),長野県南部
20385,南箕輪村,長野県南部(諏訪・伊那・飯田),長野県南部
20386,中川村,長野県南部(諏訪・伊那・飯田),長野県南部
20388,宮田村,長野県南部(諏訪・伊那・飯田),長野県南部
20205,飯田市,長野県南部(諏訪・伊那・飯田),長野県南部
20402,松川町,長野県南部(諏訪・伊那・飯田),長野県南部
20403,高森町,長野県南部(諏訪・伊那・飯田),長野県南部
20404,阿南町,長野県南部(諏訪・伊那・飯田),長野県南部
20407,阿智村,長野県南部(諏訪・伊那・飯田),長野県南部
20409,平谷村,長野県南部(諏訪・伊那・飯田),長野県南部
20410,根羽村,長野県南部(諏訪・伊那・飯田),長野県南部
20411,下條村,長野県南部(諏訪・伊那・飯田),長野県南部
20412,売木村,長野県南部(諏訪・伊那・飯田),長野県南部
20413,天龍村,長野県南部(諏訪・伊那・飯田),長野県南部
20414,泰阜村,長野県南部(諏訪・伊那・飯田),長野県南部
20415,喬木村,長野県南部(諏訪・伊那・飯田),長野県南部
20416,豊丘村,長野県南部(諏訪・伊那・飯田),長野県南部
20417,大鹿村,長野県南部(諏訪・伊那・飯田),長野県南部
20422,上松町,長野県西部(木曽・松本・白馬),長野県西部
20423,南木曽町,長野県西部(木曽・松本・白馬),長野県西部
20425,木祖村,長野県西部(木曽・松本・白馬),長野県西部
20429,王滝村,長野県西部(木曽・松本・白馬),長野県西部
20430,大桑村,長野県西部(木曽・松本・白馬),長野県西部
20432,木曽町,長野県西部(木曽・松本・白馬),長野県西部
20202,松本市,長野県西部(木曽・松本・白馬),長野県西部
20215,塩尻市,長野県西部(木曽・松本・白馬),長野県西部
20220,安曇野市,長野県西部(木曽・松本・白馬),長野県西部
20446,麻績村,長野県西部(木曽・松本・白馬),長野県西部
20448,生坂村,長野県西部(木曽・松本・白馬),長野県西部
20450,山形村,長野県西部(木曽・松本・白馬),長野県西部
20451,朝日村,長野県西部(木曽・松本・白馬),長野県西部
20452,筑北村,長野県西部(木曽・松本・白馬),長野県西部
20212,大町市,長野県西部(木曽・松本・白馬),長野県西部
20481,池田町,長野県西部(木曽・松本・白馬),長野県西部
20482,松川村,長野県西部(木曽・松本・白馬),長野県西部
20485,白馬村,長野県西部(木曽・松本・白馬),長野県西部
20486,小谷村,長野県西部(木曽・松本・白馬),長野県西部
20201,長野市,長野県長野(長野市・小布施),長野県長野
20207,須坂市,長野県長野(長野市・小布施),長野県長野
20218,千曲市,長野県長野(長野市・小布施),長野県長野
20521,坂城町,長野県長野(長野市・小布施),長野県長野
20541,小布施町,長野県長野(長野市・小布施),長野県長野
20543,高山村,長野県長野(長野市・小布施),長野県長野
20583,信濃町,長野県長野(長野市・小布施),長野県長野
20588,小川村,長野県長野(長野市・小布施),長野県長野
20590,飯綱町,長野県長野(長野市・小布施),長野県長野
20211,中野市,長野県北信(飯山・野沢温泉),長野県北信
20213,飯山市,長野県北信(飯山・野沢温泉),長野県北信
20561,山ノ内町,長野県北信(飯山・野沢温泉),長野県北信
20562,木島平村,長野県北信(飯山・野沢温泉),長野県北信
20563,野沢温泉村,長野県北信(飯山・野沢温泉),長野県北信
20602,栄村,長野県北信(飯山・野沢温泉),長野県北信
